id,width,height,url,photographer,photographer_url,photographer_id,avg_color,original,large2x,large,medium,small,portrait,landscape,tiny,liked,alt,orientation,photographer_lower,aspect_ratio
9622836,5184,3456,https://www.pexels.com/photo/a-woman-sitting-on-the-floor-9622836/,Wayne Fotografias,https://www.pexels.com/@wayne-fotografias-1812121,1812121,#949286,https://images.pexels.com/photos/9622836/pexels-photo-9622836.jpeg,https://images.pexels.com/photos/9622836/pexels-photo-9622836.jpeg?auto=compress&cs=tinysrgb&dpr=2&h=650&w=940,https://images.pexels.com/photos/9622836/pexels-photo-9622836.jpeg?auto=compress&cs=tinysrgb&h=650&w=940,https://images.pexels.com/photos/9622836/pexels-photo-9622836.jpeg?auto=compress&cs=tinysrgb&h=350,https://images.pexels.com/photos/9622836/pexels-photo-9622836.jpeg?auto=compress&cs=tinysrgb&h=130,https://images.pexels.com/photos/9622836/pexels-photo-9622836.jpeg?auto=compress&cs=tinysrgb&fit=crop&h=1200&w=800,https://images.pexels.com/photos/9622836/pexels-photo-9622836.jpeg?auto=compress&cs=tinysrgb&fit=crop&h=627&w=1200,https://images.pexels.com/photos/9622836/pexels-photo-9622836.jpeg?auto=compress&cs=tinysrgb&dpr=1&fit=crop&h=200&w=280,FALSE,Young black woman in trendy streetwear posing against graffiti wall.,landscape,wayne fotografias,1.5
30269897,3000,4000,https://www.pexels.com/photo/fashionable-streetwear-look-with-casual-jeans-30269897/,Anointing David,https://www.pexels.com/@anointing-david-823753264,823753264,#817F82,https://images.pexels.com/photos/30269897/pexels-photo-30269897.jpeg,https://images.pexels.com/photos/30269897/pexels-photo-30269897.jpeg?auto=compress&cs=tinysrgb&dpr=2&h=650&w=940,https://images.pexels.com/photos/30269897/pexels-photo-30269897.jpeg?auto=compress&cs=tinysrgb&h=650&w=940,https://images.pexels.com/photos/30269897/pexels-photo-30269897.jpeg?auto=compress&cs=tinysrgb&h=350,https://images.pexels.com/photos/30269897/pexels-photo-30269897.jpeg?auto=compress&cs=tinysrgb&h=130,https://images.pexels.com/photos/30269897/pexels-photo-30269897.jpeg?auto=compress&cs=tinysrgb&fit=crop&h=1200&w=800,https://images.pexels.com/photos/30269897/pexels-photo-30269897.jpeg?auto=compress&cs=tinysrgb&fit=crop&h=627&w=1200,https://images.pexels.com/photos/30269897/pexels-photo-30269897.jpeg?auto=compress&cs=tinysrgb&dpr=1&fit=crop&h=200&w=280,FALSE,Close-up of stylish jeans and sneakers on a paved street.,portrait,anointing david,0.75
6439228,2000,2000,https://www.pexels.com/photo/woman-in-jeans-sitting-and-posing-6439228/,Lucas Castro,https://www.pexels.com/@lucas-castro-17629060,17629060,#A6A4A9,https://images.pexels.com/photos/6439228/pexels-photo-6439228.jpeg,https://images.pexels.com/photos/6439228/pexels-photo-6439228.jpeg?auto=compress&cs=tinysrgb&dpr=2&h=650&w=940,https://images.pexels.com/photos/6439228/pexels-photo-6439228.jpeg?auto=compress&cs=tinysrgb&h=650&w=940,https://images.pexels.com/photos/6439228/pexels-photo-6439228.jpeg?auto=compress&cs=tinysrgb&h=350,https://images.pexels.com/photos/6439228/pexels-photo-6439228.jpeg?auto=compress&cs=tinysrgb&h=130,https://images.pexels.com/photos/6439228/pexels-photo-6439228.jpeg?auto=compress&cs=tinysrgb&fit=crop&h=1200&w=800,https://images.pexels.com/photos/6439228/pexels-photo-6439228.jpeg?auto=compress&cs=tinysrgb&fit=crop&h=627&w=1200,https://images.pexels.com/photos/6439228/pexels-photo-6439228.jpeg?auto=compress&cs=tinysrgb&dpr=1&fit=crop&h=200&w=280,FALSE,"Young woman in ripped jeans and crop top sitting outdoors, showcasing casual style.",portrait,lucas castro,1
6439218,2000,2000,https://www.pexels.com/photo/young-beautiful-woman-in-crop-top-crouching-by-the-net-6439218/,Lucas Castro,https://www.pexels.com/@lucas-castro-17629060,17629060,#B4B2B3,https://images.pexels.com/photos/6439218/pexels-photo-6439218.jpeg,https://images.pexels.com/photos/6439218/pexels-photo-6439218.jpeg?auto=compress&cs=tinysrgb&dpr=2&h=650&w=940,https://images.pexels.com/photos/6439218/pexels-photo-6439218.jpeg?auto=compress&cs=tinysrgb&h=650&w=940,https://images.pexels.com/photos/6439218/pexels-photo-6439218.jpeg?auto=compress&cs=tinysrgb&h=350,https://images.pexels.com/photos/6439218/pexels-photo-6439218.jpeg?auto=compress&cs=tinysrgb&h=130,https://images.pexels.com/photos/6439218/pexels-photo-6439218.jpeg?auto=compress&cs=tinysrgb&fit=crop&h=1200&w=800,https://images.pexels.com/photos/6439218/pexels-photo-6439218.jpeg?auto=compress&cs=tinysrgb&fit=crop&h=627&w=1200,https://images.pexels.com/photos/6439218/pexels-photo-6439218.jpeg?auto=compress&cs=tinysrgb&dpr=1&fit=crop&h=200&w=280,FALSE,Young woman in casual fashion poses by a chain-link fence on a sunny outdoor path.,portrait,lucas castro,1
5699798,2592,1728,https://www.pexels.com/photo/close-up-shot-of-a-person-wearing-ripped-jeans-5699798/,PRASAD TEDDU,https://www.pexels.com/@prasad-teddu-756951,756951,#A66C54,https://images.pexels.com/photos/5699798/pexels-photo-5699798.jpeg,https://images.pexels.com/photos/5699798/pexels-photo-5699798.jpeg?auto=compress&cs=tinysrgb&dpr=2&h=650&w=940,https://images.pexels.com/photos/5699798/pexels-photo-5699798.jpeg?auto=compress&cs=tinysrgb&h=650&w=940,https://images.pexels.com/photos/5699798/pexels-photo-5699798.jpeg?auto=compress&cs=tinysrgb&h=350,https://images.pexels.com/photos/5699798/pexels-photo-5699798.jpeg?auto=compress&cs=tinysrgb&h=130,https://images.pexels.com/photos/5699798/pexels-photo-5699798.jpeg?auto=compress&cs=tinysrgb&fit=crop&h=1200&w=800,https://images.pexels.com/photos/5699798/pexels-photo-5699798.jpeg?auto=compress&cs=tinysrgb&fit=crop&h=627&w=1200,https://images.pexels.com/photos/5699798/pexels-photo-5699798.jpeg?auto=compress&cs=tinysrgb&dpr=1&fit=crop&h=200&w=280,FALSE,Close-up of a person's legs in ripped jeans and sneakers against a graffitied wall.,landscape,prasad teddu,1.5
9216704,2000,2500,https://www.pexels.com/photo/woman-wearing-a-sweater-and-denim-jeans-9216704/,Ali Pazani,https://www.pexels.com/@alipazani,1339444,#625F56,https://images.pexels.com/photos/9216704/pexels-photo-9216704.jpeg,https://images.pexels.com/photos/9216704/pexels-photo-9216704.jpeg?auto=compress&cs=tinysrgb&dpr=2&h=650&w=940,https://images.pexels.com/photos/9216704/pexels-photo-9216704.jpeg?auto=compress&cs=tinysrgb&h=650&w=940,https://images.pexels.com/photos/9216704/pexels-photo-9216704.jpeg?auto=compress&cs=tinysrgb&h=350,https://images.pexels.com/photos/9216704/pexels-photo-9216704.jpeg?auto=compress&cs=tinysrgb&h=130,https://images.pexels.com/photos/9216704/pexels-photo-9216704.jpeg?auto=compress&cs=tinysrgb&fit=crop&h=1200&w=800,https://images.pexels.com/photos/9216704/pexels-photo-9216704.jpeg?auto=compress&cs=tinysrgb&fit=crop&h=627&w=1200,https://images.pexels.com/photos/9216704/pexels-photo-9216704.jpeg?auto=compress&cs=tinysrgb&dpr=1&fit=crop&h=200&w=280,FALSE,"Stylish woman posing in casual streetwear, standing near air conditioning units. Perfect for urban fashion themes.",portrait,ali pazani,0.8
35462858,2880,3600,https://www.pexels.com/photo/fashionable-man-lounging-on-a-sofa-indoors-35462858/,Justbeingblythe,https://www.pexels.com/@justbeingblythe-2157428597,2157428597,#414956,https://images.pexels.com/photos/35462858/pexels-photo-35462858.jpeg,https://images.pexels.com/photos/35462858/pexels-photo-35462858.jpeg?auto=compress&cs=tinysrgb&dpr=2&h=650&w=940,https://images.pexels.com/photos/35462858/pexels-photo-35462858.jpeg?auto=compress&cs=tinysrgb&h=650&w=940,https://images.pexels.com/photos/35462858/pexels-photo-35462858.jpeg?auto=compress&cs=tinysrgb&h=350,https://images.pexels.com/photos/35462858/pexels-photo-35462858.jpeg?auto=compress&cs=tinysrgb&h=130,https://images.pexels.com/photos/35462858/pexels-photo-35462858.jpeg?auto=compress&cs=tinysrgb&fit=crop&h=1200&w=800,https://images.pexels.com/photos/35462858/pexels-photo-35462858.jpeg?auto=compress&cs=tinysrgb&fit=crop&h=627&w=1200,https://images.pexels.com/photos/35462858/pexels-photo-35462858.jpeg?auto=compress&cs=tinysrgb&dpr=1&fit=crop&h=200&w=280,FALSE,Trendy man with sunglasses relaxing on a sofa in a stylish modern setting.,portrait,justbeingblythe,0.8
36647206,1702,2560,https://www.pexels.com/photo/young-adult-in-denim-jacket-and-glasses-portrait-36647206/,Jorge Ortiz,https://www.pexels.com/@jorge-ortiz-1225704701,1225704701,#A39A89,https://images.pexels.com/photos/36647206/pexels-photo-36647206.jpeg,https://images.pexels.com/photos/36647206/pexels-photo-36647206.jpeg?auto=compress&cs=tinysrgb&dpr=2&h=650&w=940,https://images.pexels.com/photos/36647206/pexels-photo-36647206.jpeg?auto=compress&cs=tinysrgb&h=650&w=940,https://images.pexels.com/photos/36647206/pexels-photo-36647206.jpeg?auto=compress&cs=tinysrgb&h=350,https://images.pexels.com/photos/36647206/pexels-photo-36647206.jpeg?auto=compress&cs=tinysrgb&h=130,https://images.pexels.com/photos/36647206/pexels-photo-36647206.jpeg?auto=compress&cs=tinysrgb&fit=crop&h=1200&w=800,https://images.pexels.com/photos/36647206/pexels-photo-36647206.jpeg?auto=compress&cs=tinysrgb&fit=crop&h=627&w=1200,https://images.pexels.com/photos/36647206/pexels-photo-36647206.jpeg?auto=compress&cs=tinysrgb&dpr=1&fit=crop&h=200&w=280,FALSE,Stylish young adult male with glasses in a denim jacket against a neutral background.,portrait,jorge ortiz,0.66
36933836,6048,3402,https://www.pexels.com/photo/casual-urban-style-with-denim-jacket-and-car-36933836/,Andy Lee,https://www.pexels.com/@andy-lee-1453672476,1453672476,#72858B,https://images.pexels.com/photos/36933836/pexels-photo-36933836.jpeg,https://images.pexels.com/photos/36933836/pexels-photo-36933836.jpeg?auto=compress&cs=tinysrgb&dpr=2&h=650&w=940,https://images.pexels.com/photos/36933836/pexels-photo-36933836.jpeg?auto=compress&cs=tinysrgb&h=650&w=940,https://images.pexels.com/photos/36933836/pexels-photo-36933836.jpeg?auto=compress&cs=tinysrgb&h=350,https://images.pexels.com/photos/36933836/pexels-photo-36933836.jpeg?auto=compress&cs=tinysrgb&h=130,https://images.pexels.com/photos/36933836/pexels-photo-36933836.jpeg?auto=compress&cs=tinysrgb&fit=crop&h=1200&w=800,https://images.pexels.com/photos/36933836/pexels-photo-36933836.jpeg?auto=compress&cs=tinysrgb&fit=crop&h=627&w=1200,https://images.pexels.com/photos/36933836/pexels-photo-36933836.jpeg?auto=compress&cs=tinysrgb&dpr=1&fit=crop&h=200&w=280,FALSE,Young adult in denim leaning against vintage car under a clear sky.,landscape,andy lee,1.8
15360026,2200,2750,https://www.pexels.com/photo/man-in-black-hoodie-and-torn-jeans-15360026/,mahdi chaghari,https://www.pexels.com/@mahdi-chaghari-9996334,9996334,#3F4D4D,https://images.pexels.com/photos/15360026/pexels-photo-15360026.jpeg,https://images.pexels.com/photos/15360026/pexels-photo-15360026.jpeg?auto=compress&cs=tinysrgb&dpr=2&h=650&w=940,https://images.pexels.com/photos/15360026/pexels-photo-15360026.jpeg?auto=compress&cs=tinysrgb&h=650&w=940,https://images.pexels.com/photos/15360026/pexels-photo-15360026.jpeg?auto=compress&cs=tinysrgb&h=350,https://images.pexels.com/photos/15360026/pexels-photo-15360026.jpeg?auto=compress&cs=tinysrgb&h=130,https://images.pexels.com/photos/15360026/pexels-photo-15360026.jpeg?auto=compress&cs=tinysrgb&fit=crop&h=1200&w=800,https://images.pexels.com/photos/15360026/pexels-photo-15360026.jpeg?auto=compress&cs=tinysrgb&fit=crop&h=627&w=1200,https://images.pexels.com/photos/15360026/pexels-photo-15360026.jpeg?auto=compress&cs=tinysrgb&dpr=1&fit=crop&h=200&w=280,FALSE,Stylish man in sunglasses and torn jeans walking in urban setting,portrait,mahdi chaghari,0.8
33924570,2604,3906,https://www.pexels.com/photo/trendy-young-woman-in-casual-streetwear-posing-outdoors-33924570/,Imer  Galicia,https://www.pexels.com/@imer-galicia-1035713938,1035713938,#4A545E,https://images.pexels.com/photos/33924570/pexels-photo-33924570.jpeg,https://images.pexels.com/photos/33924570/pexels-photo-33924570.jpeg?auto=compress&cs=tinysrgb&dpr=2&h=650&w=940,https://images.pexels.com/photos/33924570/pexels-photo-33924570.jpeg?auto=compress&cs=tinysrgb&h=650&w=940,https://images.pexels.com/photos/33924570/pexels-photo-33924570.jpeg?auto=compress&cs=tinysrgb&h=350,https://images.pexels.com/photos/33924570/pexels-photo-33924570.jpeg?auto=compress&cs=tinysrgb&h=130,https://images.pexels.com/photos/33924570/pexels-photo-33924570.jpeg?auto=compress&cs=tinysrgb&fit=crop&h=1200&w=800,https://images.pexels.com/photos/33924570/pexels-photo-33924570.jpeg?auto=compress&cs=tinysrgb&fit=crop&h=627&w=1200,https://images.pexels.com/photos/33924570/pexels-photo-33924570.jpeg?auto=compress&cs=tinysrgb&dpr=1&fit=crop&h=200&w=280,FALSE,Fashionable young woman wearing sunglasses and casual outfit on an urban street.,portrait,imer  galicia,0.67
4109756,6000,4000,https://www.pexels.com/photo/blue-denim-jeans-in-close-up-view-4109756/,Castorly Stock,https://www.pexels.com/@castorlystock,1988778,#365775,https://images.pexels.com/photos/4109756/pexels-photo-4109756.jpeg,https://images.pexels.com/photos/4109756/pexels-photo-4109756.jpeg?auto=compress&cs=tinysrgb&dpr=2&h=650&w=940,https://images.pexels.com/photos/4109756/pexels-photo-4109756.jpeg?auto=compress&cs=tinysrgb&h=650&w=940,https://images.pexels.com/photos/4109756/pexels-photo-4109756.jpeg?auto=compress&cs=tinysrgb&h=350,https://images.pexels.com/photos/4109756/pexels-photo-4109756.jpeg?auto=compress&cs=tinysrgb&h=130,https://images.pexels.com/photos/4109756/pexels-photo-4109756.jpeg?auto=compress&cs=tinysrgb&fit=crop&h=1200&w=800,https://images.pexels.com/photos/4109756/pexels-photo-4109756.jpeg?auto=compress&cs=tinysrgb&fit=crop&h=627&w=1200,https://images.pexels.com/photos/4109756/pexels-photo-4109756.jpeg?auto=compress&cs=tinysrgb&dpr=1&fit=crop&h=200&w=280,FALSE,Macro shot of denim jeans showcasing intricate stitching detail.,landscape,castorly stock,1.5
17200341,2666,4000,https://www.pexels.com/photo/woman-wearing-jean-jacket-leaning-against-street-lamp-pole-17200341/,Murat IŞIK,https://www.pexels.com/@bymuratisikofficial,370089616,#797471,https://images.pexels.com/photos/17200341/pexels-photo-17200341.jpeg,https://images.pexels.com/photos/17200341/pexels-photo-17200341.jpeg?auto=compress&cs=tinysrgb&dpr=2&h=650&w=940,https://images.pexels.com/photos/17200341/pexels-photo-17200341.jpeg?auto=compress&cs=tinysrgb&h=650&w=940,https://images.pexels.com/photos/17200341/pexels-photo-17200341.jpeg?auto=compress&cs=tinysrgb&h=350,https://images.pexels.com/photos/17200341/pexels-photo-17200341.jpeg?auto=compress&cs=tinysrgb&h=130,https://images.pexels.com/photos/17200341/pexels-photo-17200341.jpeg?auto=compress&cs=tinysrgb&fit=crop&h=1200&w=800,https://images.pexels.com/photos/17200341/pexels-photo-17200341.jpeg?auto=compress&cs=tinysrgb&fit=crop&h=627&w=1200,https://images.pexels.com/photos/17200341/pexels-photo-17200341.jpeg?auto=compress&cs=tinysrgb&dpr=1&fit=crop&h=200&w=280,FALSE,Fashionable woman in a jean jacket and sunglasses posing on a city street.,portrait,murat işik,0.67
22944874,2557,3409,https://www.pexels.com/photo/sitting-woman-in-top-and-jeans-22944874/,Kutay Ertürk,https://www.pexels.com/@ktyrtrk,255075917,#AAB6CC,https://images.pexels.com/photos/22944874/pexels-photo-22944874.jpeg,https://images.pexels.com/photos/22944874/pexels-photo-22944874.jpeg?auto=compress&cs=tinysrgb&dpr=2&h=650&w=940,https://images.pexels.com/photos/22944874/pexels-photo-22944874.jpeg?auto=compress&cs=tinysrgb&h=650&w=940,https://images.pexels.com/photos/22944874/pexels-photo-22944874.jpeg?auto=compress&cs=tinysrgb&h=350,https://images.pexels.com/photos/22944874/pexels-photo-22944874.jpeg?auto=compress&cs=tinysrgb&h=130,https://images.pexels.com/photos/22944874/pexels-photo-22944874.jpeg?auto=compress&cs=tinysrgb&fit=crop&h=1200&w=800,https://images.pexels.com/photos/22944874/pexels-photo-22944874.jpeg?auto=compress&cs=tinysrgb&fit=crop&h=627&w=1200,https://images.pexels.com/photos/22944874/pexels-photo-22944874.jpeg?auto=compress&cs=tinysrgb&dpr=1&fit=crop&h=200&w=280,FALSE,Fashion model posing confidently in jeans and vibrant top against a gray background.,portrait,kutay ertürk,0.75
2180918,6000,4000,https://www.pexels.com/photo/woman-holding-cruiser-board-sitting-by-the-window-2180918/,Athena Sandrini,https://www.pexels.com/@athena,307356,#7C8986,https://images.pexels.com/photos/2180918/pexels-photo-2180918.jpeg,https://images.pexels.com/photos/2180918/pexels-photo-2180918.jpeg?auto=compress&cs=tinysrgb&dpr=2&h=650&w=940,https://images.pexels.com/photos/2180918/pexels-photo-2180918.jpeg?auto=compress&cs=tinysrgb&h=650&w=940,https://images.pexels.com/photos/2180918/pexels-photo-2180918.jpeg?auto=compress&cs=tinysrgb&h=350,https://images.pexels.com/photos/2180918/pexels-photo-2180918.jpeg?auto=compress&cs=tinysrgb&h=130,https://images.pexels.com/photos/2180918/pexels-photo-2180918.jpeg?auto=compress&cs=tinysrgb&fit=crop&h=1200&w=800,https://images.pexels.com/photos/2180918/pexels-photo-2180918.jpeg?auto=compress&cs=tinysrgb&fit=crop&h=627&w=1200,https://images.pexels.com/photos/2180918/pexels-photo-2180918.jpeg?auto=compress&cs=tinysrgb&dpr=1&fit=crop&h=200&w=280,FALSE,"Casual urban style featuring ripped jeans, sneakers, and skateboard in a modern interior.",landscape,athena sandrini,1.5
19243453,2008,3008,https://www.pexels.com/photo/brunette-woman-sitting-on-stairs-19243453/,Felix Young,https://www.pexels.com/@felix-young-449360607,449360607,#9C716B,https://images.pexels.com/photos/19243453/pexels-photo-19243453.jpeg,https://images.pexels.com/photos/19243453/pexels-photo-19243453.jpeg?auto=compress&cs=tinysrgb&dpr=2&h=650&w=940,https://images.pexels.com/photos/19243453/pexels-photo-19243453.jpeg?auto=compress&cs=tinysrgb&h=650&w=940,https://images.pexels.com/photos/19243453/pexels-photo-19243453.jpeg?auto=compress&cs=tinysrgb&h=350,https://images.pexels.com/photos/19243453/pexels-photo-19243453.jpeg?auto=compress&cs=tinysrgb&h=130,https://images.pexels.com/photos/19243453/pexels-photo-19243453.jpeg?auto=compress&cs=tinysrgb&fit=crop&h=1200&w=800,https://images.pexels.com/photos/19243453/pexels-photo-19243453.jpeg?auto=compress&cs=tinysrgb&fit=crop&h=627&w=1200,https://images.pexels.com/photos/19243453/pexels-photo-19243453.jpeg?auto=compress&cs=tinysrgb&dpr=1&fit=crop&h=200&w=280,FALSE,"Trendy young woman in jeans sitting on city steps, showcasing fashion and style.",portrait,felix young,0.67
11401082,2000,2500,https://www.pexels.com/photo/a-good-looking-man-in-black-and-red-plaid-long-sleeves-11401082/,omid bonyadian,https://www.pexels.com/@omidbonyadian,2058260,#746B5C,https://images.pexels.com/photos/11401082/pexels-photo-11401082.jpeg,https://images.pexels.com/photos/11401082/pexels-photo-11401082.jpeg?auto=compress&cs=tinysrgb&dpr=2&h=650&w=940,https://images.pexels.com/photos/11401082/pexels-photo-11401082.jpeg?auto=compress&cs=tinysrgb&h=650&w=940,https://images.pexels.com/photos/11401082/pexels-photo-11401082.jpeg?auto=compress&cs=tinysrgb&h=350,https://images.pexels.com/photos/11401082/pexels-photo-11401082.jpeg?auto=compress&cs=tinysrgb&h=130,https://images.pexels.com/photos/11401082/pexels-photo-11401082.jpeg?auto=compress&cs=tinysrgb&fit=crop&h=1200&w=800,https://images.pexels.com/photos/11401082/pexels-photo-11401082.jpeg?auto=compress&cs=tinysrgb&fit=crop&h=627&w=1200,https://images.pexels.com/photos/11401082/pexels-photo-11401082.jpeg?auto=compress&cs=tinysrgb&dpr=1&fit=crop&h=200&w=280,FALSE,"Stylish man standing against a brick wall in plaid shirt and ripped jeans, showcasing modern urban fashion.",portrait,omid bonyadian,0.8
3081404,2252,2815,https://www.pexels.com/photo/person-wearing-brown-footwear-3081404/,Lucas Pezeta,https://www.pexels.com/@lucaspezeta,862177,#756F56,https://images.pexels.com/photos/3081404/pexels-photo-3081404.jpeg,https://images.pexels.com/photos/3081404/pexels-photo-3081404.jpeg?auto=compress&cs=tinysrgb&dpr=2&h=650&w=940,https://images.pexels.com/photos/3081404/pexels-photo-3081404.jpeg?auto=compress&cs=tinysrgb&h=650&w=940,https://images.pexels.com/photos/3081404/pexels-photo-3081404.jpeg?auto=compress&cs=tinysrgb&h=350,https://images.pexels.com/photos/3081404/pexels-photo-3081404.jpeg?auto=compress&cs=tinysrgb&h=130,https://images.pexels.com/photos/3081404/pexels-photo-3081404.jpeg?auto=compress&cs=tinysrgb&fit=crop&h=1200&w=800,https://images.pexels.com/photos/3081404/pexels-photo-3081404.jpeg?auto=compress&cs=tinysrgb&fit=crop&h=627&w=1200,https://images.pexels.com/photos/3081404/pexels-photo-3081404.jpeg?auto=compress&cs=tinysrgb&dpr=1&fit=crop&h=200&w=280,FALSE,Close-up of legs in ripped jeans and boots standing on a grassy lawn.,portrait,lucas pezeta,0.8
16390573,2185,3277,https://www.pexels.com/photo/close-up-of-jean-shorts-16390573/,Wolf  Art,https://www.pexels.com/@wolfart,43379979,#2F2A31,https://images.pexels.com/photos/16390573/pexels-photo-16390573.jpeg,https://images.pexels.com/photos/16390573/pexels-photo-16390573.jpeg?auto=compress&cs=tinysrgb&dpr=2&h=650&w=940,https://images.pexels.com/photos/16390573/pexels-photo-16390573.jpeg?auto=compress&cs=tinysrgb&h=650&w=940,https://images.pexels.com/photos/16390573/pexels-photo-16390573.jpeg?auto=compress&cs=tinysrgb&h=350,https://images.pexels.com/photos/16390573/pexels-photo-16390573.jpeg?auto=compress&cs=tinysrgb&h=130,https://images.pexels.com/photos/16390573/pexels-photo-16390573.jpeg?auto=compress&cs=tinysrgb&fit=crop&h=1200&w=800,https://images.pexels.com/photos/16390573/pexels-photo-16390573.jpeg?auto=compress&cs=tinysrgb&fit=crop&h=627&w=1200,https://images.pexels.com/photos/16390573/pexels-photo-16390573.jpeg?auto=compress&cs=tinysrgb&dpr=1&fit=crop&h=200&w=280,FALSE,Stylish blue denim shorts with distressed details hanging on a wooden display rack.,portrait,wolf  art,0.67
7296853,2048,3070,https://www.pexels.com/photo/a-low-angle-shot-of-a-shirtless-man-posing-while-wearing-denim-jeans-7296853/,Raffa Silva,https://www.pexels.com/@raffa-silva-1406806,1406806,#797974,https://images.pexels.com/photos/7296853/pexels-photo-7296853.jpeg,https://images.pexels.com/photos/7296853/pexels-photo-7296853.jpeg?auto=compress&cs=tinysrgb&dpr=2&h=650&w=940,https://images.pexels.com/photos/7296853/pexels-photo-7296853.jpeg?auto=compress&cs=tinysrgb&h=650&w=940,https://images.pexels.com/photos/7296853/pexels-photo-7296853.jpeg?auto=compress&cs=tinysrgb&h=350,https://images.pexels.com/photos/7296853/pexels-photo-7296853.jpeg?auto=compress&cs=tinysrgb&h=130,https://images.pexels.com/photos/7296853/pexels-photo-7296853.jpeg?auto=compress&cs=tinysrgb&fit=crop&h=1200&w=800,https://images.pexels.com/photos/7296853/pexels-photo-7296853.jpeg?auto=compress&cs=tinysrgb&fit=crop&h=627&w=1200,https://images.pexels.com/photos/7296853/pexels-photo-7296853.jpeg?auto=compress&cs=tinysrgb&dpr=1&fit=crop&h=200&w=280,FALSE,A shirtless male model in ripped jeans poses against a wall outdoors.,portrait,raffa silva,0.67
6439222,2000,2000,https://www.pexels.com/photo/young-woman-sitting-in-an-open-car-6439222/,Lucas Castro,https://www.pexels.com/@lucas-castro-17629060,17629060,#96928F,https://images.pexels.com/photos/6439222/pexels-photo-6439222.jpeg,https://images.pexels.com/photos/6439222/pexels-photo-6439222.jpeg?auto=compress&cs=tinysrgb&dpr=2&h=650&w=940,https://images.pexels.com/photos/6439222/pexels-photo-6439222.jpeg?auto=compress&cs=tinysrgb&h=650&w=940,https://images.pexels.com/photos/6439222/pexels-photo-6439222.jpeg?auto=compress&cs=tinysrgb&h=350,https://images.pexels.com/photos/6439222/pexels-photo-6439222.jpeg?auto=compress&cs=tinysrgb&h=130,https://images.pexels.com/photos/6439222/pexels-photo-6439222.jpeg?auto=compress&cs=tinysrgb&fit=crop&h=1200&w=800,https://images.pexels.com/photos/6439222/pexels-photo-6439222.jpeg?auto=compress&cs=tinysrgb&fit=crop&h=627&w=1200,https://images.pexels.com/photos/6439222/pexels-photo-6439222.jpeg?auto=compress&cs=tinysrgb&dpr=1&fit=crop&h=200&w=280,FALSE,Fashionable woman in torn jeans and sunglasses sitting in a car doorway.,portrait,lucas castro,1
